Model,Train_Accuracy,Validation_Accuracy,Test_Accuracy,CV_Mean,CV_Std,Overfitting_Score,Generalization_Gap
Random Forest,1.0,0.885,0.81,0.8483333333333334,0.030912061651652365,0.11499999999999999,0.07499999999999996
Gradient Boosting,1.0,0.93,0.875,0.8683333333333334,0.02808716591058785,0.06999999999999995,0.05500000000000005
XGBoost,1.0,0.915,0.865,0.8683333333333334,0.014337208778404407,0.08499999999999996,0.050000000000000044
Logistic Regression,0.9266666666666666,0.87,0.87,0.8,0.03415650255319865,0.05666666666666664,0.0
SVM,0.9966666666666667,0.825,0.83,0.8016666666666667,0.024944382578492935,0.17166666666666675,-0.0050000000000000044
Neural Network,1.0,0.785,0.805,0.7750000000000001,0.021081851067789217,0.21499999999999997,-0.020000000000000018
